{
  "colors": {
    "name": "Liberated Palette",
    "authors": [
      "Eliza Wyatt (DeathsDarling)"
    ],
    "urls": [
      "https://github.com/ElizaWy/LPC/wiki/Style-Guide#color-palette"
    ],
    "licenses": [
      "OGA-BY 3.0"
    ],
    "notes": [
      "Original palette made for the LPC set, by Eliza Wyatt."
    ]
  },
  "anatomy.body.male": {
    "notes": [
      "see details at https://opengameart.org/content/lpc-character-bases",
      "2023-12 [napsio]: minimized colors to 6 for each material and fixed broken colors"
    ],
    "authors": [
      "napsio",
      "bluecarrot16",
      "Benjamin K. Smith (BenCreating)",
      "Evert",
      "Eliza Wyatt (ElizaWy)",
      "TheraHedwig",
      "MuffinElZangano",
      "Durrani",
      "Johannes Sjölund (wulax)",
      "Stephen Challener (Redshrike)"
    ],
    "licenses": [
      "CC-BY-SA 3.0",
      "GPL 3.0"
    ],
    "urls": [
      "https://opengameart.org/content/lpc-jump-expanded",
      "https://opengameart.org/content/lpc-revised-character-basics",
      "https://opengameart.org/content/liberated-pixel-cup-lpc-base-assets-sprites-map-tiles",
      "https://opengameart.org/content/lpc-be-seated",
      "https://opengameart.org/content/lpc-runcycle-for-male-muscular-and-pregnant-character-bases-with-modular-heads",
      "https://opengameart.org/content/lpc-medieval-fantasy-character-sprites",
      "https://opengameart.org/content/lpc-character-bases",
      "https://opengameart.org/content/lpc-male-jumping-animation-by-durrani",
      "https://opengameart.org/content/lpc-runcycle-and-diagonal-walkcycle"
    ],
    "name": "Male"
  },
  "anatomy.head.human_male": {
    "notes": [
      "original head by Redshrike",
      "tweaks by BenCreating",
      "modular version by bluecarrot16",
      "2023-12 [napsio]: minimized colors to 6 for each material and fixed broken colors"
    ],
    "authors": [
      "napsio",
      "bluecarrot16",
      "Benjamin K. Smith (BenCreating)",
      "Stephen Challener (Redshrike)"
    ],
    "licenses": [
      "OGA-BY 3.0",
      "CC-BY-SA 3.0",
      "GPL 3.0"
    ],
    "urls": [
      "https://opengameart.org/content/liberated-pixel-cup-lpc-base-assets-sprites-map-tiles",
      "https://opengameart.org/content/lpc-character-bases"
    ],
    "name": "Human Male"
  },
  "clothes.skirts.plain": {
    "notes": [
      "original by wulax",
      "edited for female base by pvigier",
      "edited for v3 base by bluecarrot16",
      "2023-12 [napsio]: minimized colors to 6 for each material and fixed broken colors"
    ],
    "authors": [
      "napsio",
      "bluecarrot16",
      "Pierre Vigier (pvigier)",
      "Johannes Sjölund (wulax)"
    ],
    "licenses": [
      "CC-BY-SA 3.0",
      "GPL 3.0"
    ],
    "urls": [
      "https://opengameart.org/content/lpc-medieval-fantasy-character-sprites"
    ],
    "name": "Plain"
  },
  "clothes.legs.pantaloons": {
    "notes": [
      "2023-12 [napsio]: minimized colors to 6 for each material and fixed broken colors"
    ],
    "authors": [
      "napsio",
      "Nila122",
      "Johannes Sjölund (wulax)",
      "Stephen Challener (Redshrike)"
    ],
    "licenses": [
      "GPL 2.0",
      "GPL 3.0",
      "CC-BY-SA 3.0"
    ],
    "urls": [
      "https://opengameart.org/content/lpc-pirates",
      "https://opengameart.org/content/more-lpc-clothes-and-hair"
    ],
    "name": "Pantaloons"
  },
  "clothes.feet.boots": {
    "notes": [
      "original by Nila122",
      "edited for male and v3 bases by bluecarrot16",
      "2023-12 [napsio]: minimized colors to 6 for each material and fixed broken colors"
    ],
    "authors": [
      "napsio",
      "bluecarrot16",
      "Nila122"
    ],
    "licenses": [
      "OGA-BY 3.0",
      "CC-BY-SA 3.0",
      "GPL 2.0",
      "GPL 3.0"
    ],
    "urls": [
      "https://opengameart.org/content/lpc-santa",
      "https://opengameart.org/content/lpc-clothes-and-hair",
      "http://opengameart.org/content/lpc-clothing-updates"
    ],
    "name": "Boots"
  },
  "clothes.torso.chainmail": {
    "notes": [
      "minor edits by bluecarrot16",
      "2023-12 [napsio]: minimized colors to 6 for each material and fixed broken colors"
    ],
    "authors": [
      "napsio",
      "Johannes Sjölund (wulax)"
    ],
    "licenses": [
      "CC-BY-SA 3.0",
      "GPL 3.0"
    ],
    "urls": [
      "https://opengameart.org/content/lpc-medieval-fantasy-character-sprites"
    ],
    "name": "Chainmail"
  },
  "equipment.misc.slingshot": {
    "notes": [],
    "authors": [
      "bluecarrot16"
    ],
    "licenses": [
      "OGA-BY 3.0+",
      "GPL 3.0",
      "CC-BY 4.0"
    ],
    "urls": [
      "https://opengameart.org/content/lpc-more-weapons"
    ],
    "name": "Slingshot"
  }
}