{
  "colors": {
    "name": "Liberated Palette",
    "authors": [
      "Eliza Wyatt (DeathsDarling)"
    ],
    "urls": [
      "https://github.com/ElizaWy/LPC/wiki/Style-Guide#color-palette"
    ],
    "licenses": [
      "OGA-BY 3.0"
    ],
    "notes": [
      "Original palette made for the LPC set, by Eliza Wyatt."
    ]
  },
  "anatomy.body.male": {
    "notes": [
      "see details at https://opengameart.org/content/lpc-character-bases",
      "2023-12 [napsio]: minimized colors to 6 for each material and fixed broken colors"
    ],
    "authors": [
      "napsio",
      "bluecarrot16",
      "Benjamin K. Smith (BenCreating)",
      "Evert",
      "Eliza Wyatt (ElizaWy)",
      "TheraHedwig",
      "MuffinElZangano",
      "Durrani",
      "Johannes Sjölund (wulax)",
      "Stephen Challener (Redshrike)"
    ],
    "licenses": [
      "CC-BY-SA 3.0",
      "GPL 3.0"
    ],
    "urls": [
      "https://opengameart.org/content/lpc-jump-expanded",
      "https://opengameart.org/content/lpc-revised-character-basics",
      "https://opengameart.org/content/liberated-pixel-cup-lpc-base-assets-sprites-map-tiles",
      "https://opengameart.org/content/lpc-be-seated",
      "https://opengameart.org/content/lpc-runcycle-for-male-muscular-and-pregnant-character-bases-with-modular-heads",
      "https://opengameart.org/content/lpc-medieval-fantasy-character-sprites",
      "https://opengameart.org/content/lpc-character-bases",
      "https://opengameart.org/content/lpc-male-jumping-animation-by-durrani",
      "https://opengameart.org/content/lpc-runcycle-and-diagonal-walkcycle"
    ],
    "name": "Male"
  },
  "anatomy.head.pig": {
    "notes": [
      "original pig by daneeklu",
      "adapted to modular head by bluecarrot16",
      "2023-12 [napsio]: minimized colors to 6 for each material and fixed broken colors"
    ],
    "authors": [
      "napsio",
      "bluecarrot16",
      "Daniel Eddeland (daneeklu)"
    ],
    "licenses": [
      "CC-BY 3.0",
      "GPL 3.0"
    ],
    "urls": [
      "http://opengameart.org/content/lpc-folk",
      "https://opengameart.org/content/lpc-style-farm-animals"
    ],
    "name": "Pig"
  },
  "anatomy.beards.mustache": {
    "notes": [
      "2023-12 [napsio]: minimized colors to 6 for each material and fixed broken colors"
    ],
    "authors": [
      "napsio",
      "David Conway Jr. (JaidynReiman)",
      "Carlo Enrico Victoria (Nemisys)"
    ],
    "licenses": [
      "CC-BY-SA 3.0",
      "GPL 3.0"
    ],
    "urls": [
      "https://opengameart.org/content/lpc-brunet-mustache"
    ],
    "name": "Mustache"
  },
  "anatomy.wrinkles.big": {
    "notes": [
      "2023-12 [napsio]: minimized colors to 6 for each material and fixed broken colors"
    ],
    "authors": [
      "napsio",
      "bluecarrot16"
    ],
    "licenses": [
      "CC0"
    ],
    "urls": [],
    "name": "Wrinkles"
  },
  "anatomy.ears.big": {
    "notes": [
      "adapted to v3 base by bluecarrot16",
      "2023-12 [napsio]: minimized colors to 6 for each material and fixed broken colors"
    ],
    "authors": [
      "napsio",
      "bluecarrot16",
      "Thane Brimhall (pennomi)",
      "Matthew Krohn (makrohn)"
    ],
    "licenses": [
      "GPL 3.0",
      "CC-BY-SA 3.0"
    ],
    "urls": [
      "http://opengameart.org/content/lpc-clothing-updates",
      "https://opengameart.org/content/lpc-base-character-expressions"
    ],
    "name": "Big"
  },
  "anatomy.nose.big": {
    "notes": [
      "2023-12 [napsio]: minimized colors to 6 for each material and fixed broken colors"
    ],
    "authors": [
      "napsio",
      "Thane Brimhall (pennomi)",
      "Matthew Krohn (makrohn)"
    ],
    "licenses": [
      "GPL 3.0",
      "CC-BY-SA 3.0"
    ],
    "urls": [
      "https://opengameart.org/content/lpc-base-character-expressions"
    ],
    "name": "Big"
  },
  "anatomy.hair.lob": {
    "notes": [
      "2023-12 [napsio]: minimized colors to 6 for each material and fixed broken colors"
    ],
    "authors": [
      "napsio",
      "bluecarrot16"
    ],
    "licenses": [
      "CC0"
    ],
    "urls": [
      "https://opengameart.org/content/lpc-hair"
    ],
    "name": "Lob"
  },
  "equipment.tools.watercan": {
    "notes": [
      "2023-12 [napsio]: minimized colors to 6 for each material and fixed broken colors"
    ],
    "authors": [
      "napsio",
      "bluecarrot16",
      "Pierre Vigier",
      "Tuomo Untinen",
      "Johannes Sjölund (wulax)",
      "Inboxninja"
    ],
    "licenses": [
      "CC-BY-SA 3.0"
    ],
    "urls": [
      "https://opengameart.org/content/lpc-hand-tools"
    ],
    "name": "Watercan"
  }
}