{
  "colors": {
    "name": "Liberated Palette",
    "authors": [
      "Eliza Wyatt (DeathsDarling)"
    ],
    "urls": [
      "https://github.com/ElizaWy/LPC/wiki/Style-Guide#color-palette"
    ],
    "licenses": [
      "OGA-BY 3.0"
    ],
    "notes": [
      "Original palette made for the LPC set, by Eliza Wyatt."
    ]
  },
  "anatomy.body.child": {
    "notes": [
      "2023-12 [napsio]: minimized colors to 6 for each material and fixed broken colors"
    ],
    "authors": [
      "napsio",
      "bluecarrot16",
      "Benjamin K. Smith (BenCreating)",
      "ElizaWy",
      "MuffinElZangano",
      "Durrani",
      "Nila122",
      "kheftel",
      "Stephen Challener (Redshrike)"
    ],
    "licenses": [
      "OGA-BY 3.0",
      "CC-BY-SA 3.0",
      "GPL 3.0"
    ],
    "urls": [
      "https://opengameart.org/content/lpc-jump-expanded",
      "https://opengameart.org/content/lpc-child-standing-template",
      "https://opengameart.org/content/liberated-pixel-cup-lpc-base-assets-sprites-map-tiles",
      "https://opengameart.org/content/lpc-children-walk-animation",
      "https://opengameart.org/content/lpc-male-jumping-animation-by-durrani"
    ],
    "name": "Child"
  },
  "anatomy.head.human_child": {
    "notes": [
      "2023-12 [napsio]: minimized colors to 6 for each material and fixed broken colors"
    ],
    "authors": [
      "napsio",
      "Stephen Challener (Redshrike)",
      "kheftel",
      "bluecarrot16"
    ],
    "licenses": [
      "OGA-BY 3.0",
      "CC-BY 3.0",
      "GPL 3.0"
    ],
    "urls": [
      "https://opengameart.org/content/lpc-child-standing-template",
      "https://opengameart.org/content/",
      "https://opengameart.org/content/lpc-character-bases"
    ],
    "name": "Human Child"
  },
  "anatomy.hair.messy": {
    "notes": [
      "2023-12 [napsio]: minimized colors to 6 for each material and fixed broken colors"
    ],
    "authors": [
      "napsio",
      "Nila122"
    ],
    "licenses": [
      "CC-BY-SA 3.0",
      "GPL 3.0"
    ],
    "urls": [
      "https://opengameart.org/content/lpc-clothes-for-children"
    ],
    "name": "Messy"
  },
  "clothes.torso.shirt": {
    "notes": [
      "2023-12 [napsio]: minimized colors to 6 for each material and fixed broken colors"
    ],
    "authors": [
      "napsio",
      "Nila122"
    ],
    "licenses": [
      "CC-BY-SA 3.0",
      "GPL 3.0"
    ],
    "urls": [
      "https://opengameart.org/content/lpc-clothes-for-children"
    ],
    "name": "Shirt"
  },
  "clothes.legs.pants": {
    "notes": [
      "original male pants by wulax",
      "edited for female by Joe White",
      "recolors by JaidynReiman",
      "walkcycle adapted to pregnant base by ElizaWy",
      "remaining animations, recolors and edits to v3 base by bluecarrot16",
      "teem body by Redshrike",
      "teen legs by ElizaWy derived from base",
      "2023-12 [napsio]: minimized colors to 6 for each material and fixed broken colors"
    ],
    "authors": [
      "napsio",
      "bluecarrot16",
      "ElizaWy",
      "David Conway Jr. (JaidynReiman)",
      "Joe White",
      "Matthew Krohn (makrohn)",
      "Johannes Sjölund (wulax)",
      "Nila122",
      "Stephen Challener (Redshrike)"
    ],
    "licenses": [
      "CC-BY-SA 3.0",
      "GPL 3.0"
    ],
    "urls": [
      "https://opengameart.org/content/liberated-pixel-cup-lpc-base-assets-sprites-map-tiles",
      "https://opengameart.org/content/lpc-medieval-fantasy-character-sprites",
      "http://opengameart.org/content/lpc-clothing-updates",
      "https://opengameart.org/content/more-lpc-clothes-and-hair",
      "https://opengameart.org/content/lpc-pregnancy-bases-maternity-wear",
      "https://opengameart.org/content/lpc-teen-unisex-base-clothes",
      "https://opengameart.org/content/lpc-clothes-for-children"
    ],
    "name": "Pants"
  },
  "clothes.skirts.child": {
    "notes": [
      "2023-12 [napsio]: minimized colors to 6 for each material and fixed broken colors"
    ],
    "authors": [
      "napsio",
      "Nila122"
    ],
    "licenses": [
      "CC-BY-SA 3.0",
      "GPL 3.0"
    ],
    "urls": [
      "https://opengameart.org/content/lpc-clothes-for-children"
    ],
    "name": "Child"
  }
}