{
  "colors": {
    "name": "Liberated Palette",
    "authors": [
      "Eliza Wyatt (DeathsDarling)"
    ],
    "urls": [
      "https://github.com/ElizaWy/LPC/wiki/Style-Guide#color-palette"
    ],
    "licenses": [
      "OGA-BY 3.0"
    ],
    "notes": [
      "Original palette made for the LPC set, by Eliza Wyatt."
    ]
  },
  "anatomy.body.muscular": {
    "notes": [
      "see details at https://opengameart.org/content/lpc-character-bases",
      "2023-12 [napsio]: minimized colors to 6 for each material and fixed broken colors"
    ],
    "authors": [
      "napsio",
      "bluecarrot16",
      "Evert",
      "TheraHedwig",
      "MuffinElZangano",
      "Durrani",
      "Sander Frenken (castelonia)",
      "Benjamin K. Smith (BenCreating)",
      "Eliza Wyatt (ElizaWy)",
      "dalonedrau",
      "Stephen Challener (Redshrike)"
    ],
    "licenses": [
      "CC-BY-SA 3.0"
    ],
    "urls": [
      "https://opengameart.org/content/lpc-jump-expanded",
      "https://opengameart.org/content/lpc-muscular-hurt-animation",
      "https://opengameart.org/content/lpc-revised-character-basics",
      "https://opengameart.org/content/lpc-barbarian-sprite-base",
      "https://opengameart.org/content/liberated-pixel-cup-lpc-base-assets-sprites-map-tiles",
      "https://opengameart.org/content/lpc-be-seated",
      "https://opengameart.org/content/lpc-muscular-swing-animation",
      "https://opengameart.org/content/lpc-runcycle-for-male-muscular-and-pregnant-character-bases-with-modular-heads",
      "https://opengameart.org/content/lpc-character-bases",
      "https://opengameart.org/content/lpc-male-jumping-animation-by-durrani",
      "https://opengameart.org/content/lpc-runcycle-and-diagonal-walkcycle"
    ],
    "name": "Muskular"
  },
  "anatomy.head.human_male_elderly": {
    "notes": [
      "2023-12 [napsio]: minimized colors to 6 for each material and fixed broken colors"
    ],
    "authors": [
      "napsio",
      "Benjamin K. Smith (BenCreating)",
      "Eliza Wyatt (ElizaWy)",
      "Stephen Challener (Redshrike)"
    ],
    "licenses": [
      "OGA-BY 3.0",
      "CC-BY 3.0"
    ],
    "urls": [
      "https://opengameart.org/content/liberated-pixel-cup-lpc-base-assets-sprites-map-tiles",
      "https://opengameart.org/content/lpc-character-bases",
      "https://opengameart.org/content/lpc-revised-elders"
    ],
    "name": "Human Male Elderly"
  },
  "anatomy.beards.winter": {
    "notes": [
      "2023-12 [napsio]: minimized colors to 6 for each material and fixed broken colors"
    ],
    "authors": [
      "napsio",
      "bluecarrot16"
    ],
    "licenses": [
      "CC0"
    ],
    "urls": [
      "https://opengameart.org/content/lpc-santa"
    ],
    "name": "Winter"
  },
  "anatomy.wrinkles.big": {
    "notes": [
      "2023-12 [napsio]: minimized colors to 6 for each material and fixed broken colors"
    ],
    "authors": [
      "napsio",
      "bluecarrot16"
    ],
    "licenses": [
      "CC0"
    ],
    "urls": [],
    "name": "Wrinkles"
  },
  "anatomy.ears.big": {
    "notes": [
      "adapted to v3 base by bluecarrot16",
      "2023-12 [napsio]: minimized colors to 6 for each material and fixed broken colors"
    ],
    "authors": [
      "napsio",
      "bluecarrot16",
      "Thane Brimhall (pennomi)",
      "Matthew Krohn (makrohn)"
    ],
    "licenses": [
      "GPL 3.0",
      "CC-BY-SA 3.0"
    ],
    "urls": [
      "http://opengameart.org/content/lpc-clothing-updates",
      "https://opengameart.org/content/lpc-base-character-expressions"
    ],
    "name": "Big"
  },
  "anatomy.nose.big": {
    "notes": [
      "2023-12 [napsio]: minimized colors to 6 for each material and fixed broken colors"
    ],
    "authors": [
      "napsio",
      "Thane Brimhall (pennomi)",
      "Matthew Krohn (makrohn)"
    ],
    "licenses": [
      "GPL 3.0",
      "CC-BY-SA 3.0"
    ],
    "urls": [
      "https://opengameart.org/content/lpc-base-character-expressions"
    ],
    "name": "Big"
  },
  "anatomy.hair.lob": {
    "notes": [
      "2023-12 [napsio]: minimized colors to 6 for each material and fixed broken colors"
    ],
    "authors": [
      "napsio",
      "bluecarrot16"
    ],
    "licenses": [
      "CC0"
    ],
    "urls": [
      "https://opengameart.org/content/lpc-hair"
    ],
    "name": "Lob"
  },
  "clothes.torso3.santa": {
    "notes": [
      "2023-12 [napsio]: minimized colors to 6 for each material and fixed broken colors"
    ],
    "authors": [
      "napsio",
      "bluecarrot16"
    ],
    "licenses": [
      "OGA-BY 3.0",
      "GPL 3.0"
    ],
    "urls": [
      "https://opengameart.org/content/lpc-santa",
      "https://opengameart.org/content/lpc-gentleman"
    ],
    "name": "Santa"
  },
  "clothes.legs.pantaloons": {
    "notes": [
      "2023-12 [napsio]: minimized colors to 6 for each material and fixed broken colors"
    ],
    "authors": [
      "napsio",
      "Nila122",
      "Johannes Sjölund (wulax)",
      "Stephen Challener (Redshrike)"
    ],
    "licenses": [
      "GPL 2.0",
      "GPL 3.0",
      "CC-BY-SA 3.0"
    ],
    "urls": [
      "https://opengameart.org/content/lpc-pirates",
      "https://opengameart.org/content/more-lpc-clothes-and-hair"
    ],
    "name": "Pantaloons"
  }
}