{
  "colors": {
    "name": "Liberated Palette",
    "authors": [
      "Eliza Wyatt (DeathsDarling)"
    ],
    "urls": [
      "https://github.com/ElizaWy/LPC/wiki/Style-Guide#color-palette"
    ],
    "licenses": [
      "OGA-BY 3.0"
    ],
    "notes": [
      "Original palette made for the LPC set, by Eliza Wyatt."
    ]
  },
  "anatomy.body.female": {
    "notes": [
      "see details at https://opengameart.org/content/lpc-character-bases",
      "2023-12 [napsio]: minimized colors to 6 for each material and fixed broken colors"
    ],
    "authors": [
      "napsio",
      "Benjamin K. Smith (BenCreating)",
      "bluecarrot16",
      "TheraHedwig",
      "Evert",
      "MuffinElZangano",
      "Durrani",
      "Pierre Vigier (pvigier)",
      "ElizaWy",
      "Matthew Krohn (makrohn)",
      "Johannes Sjölund (wulax)",
      "Stephen Challener (Redshrike)"
    ],
    "licenses": [
      "OGA-BY 3.0",
      "CC-BY-SA 3.0",
      "GPL 3.0"
    ],
    "urls": [
      "https://opengameart.org/content/lpc-jump-expanded",
      "https://opengameart.org/content/lpc-revised-character-basics",
      "https://opengameart.org/content/liberated-pixel-cup-lpc-base-assets-sprites-map-tiles",
      "https://opengameart.org/content/lpc-ladies",
      "https://opengameart.org/content/lpc-be-seated",
      "https://opengameart.org/content/lpc-runcycle-for-male-muscular-and-pregnant-character-bases-with-modular-heads",
      "https://opengameart.org/content/lpc-medieval-fantasy-character-sprites",
      "https://opengameart.org/content/lpc-character-bases",
      "https://gitlab.com/vagabondgame/lpc-characters",
      "https://opengameart.org/content/lpc-male-jumping-animation-by-durrani",
      "https://opengameart.org/content/lpc-7-womens-shirts",
      "https://opengameart.org/content/lpc-runcycle-and-diagonal-walkcycle"
    ],
    "name": "Female"
  },
  "anatomy.head.human_female": {
    "notes": [
      "original head by Redshrike",
      "tweaks by BenCreating",
      "modular version by bluecarrot16",
      "2023-12 [napsio]: minimized colors to 6 for each material and fixed broken colors"
    ],
    "authors": [
      "napsio",
      "bluecarrot16",
      "Benjamin K. Smith (BenCreating)",
      "Stephen Challener (Redshrike)"
    ],
    "licenses": [
      "OGA-BY 3.0",
      "CC-BY-SA 3.0",
      "GPL 3.0"
    ],
    "urls": [
      "https://opengameart.org/content/",
      "https://opengameart.org/content/lpc-character-bases"
    ],
    "name": "Human Female"
  },
  "anatomy.hair.xlong": {
    "notes": [
      "2023-12 [napsio]: minimized colors to 6 for each material and fixed broken colors"
    ],
    "authors": [
      "napsio",
      "Nila122"
    ],
    "licenses": [
      "CC-BY-SA 3.0",
      "GPL 2.0",
      "GPL 3.0"
    ],
    "urls": [
      "https://opengameart.org/content/lpc-clothes-and-hair"
    ],
    "name": "Xlong"
  },
  "clothes.torso.blouse": {
    "notes": [
      "original princess.xcf by Sharm",
      "edited to blouse by ElizaWy",
      "adapted to v3 bases by bluecarrot16",
      "2023-12 [napsio]: minimized colors to 6 for each material and fixed broken colors"
    ],
    "authors": [
      "napsio",
      "bluecarrot16",
      "ElizaWy",
      "Lanea Zimmerman (Sharm)"
    ],
    "licenses": [
      "CC-BY-SA 3.0",
      "GPL 3.0"
    ],
    "urls": [
      "https://opengameart.org/content/lpc-7-womens-shirts",
      "https://opengameart.org/content/liberated-pixel-cup-lpc-base-assets-sprites-map-tiles"
    ],
    "name": "Blouse"
  },
  "clothes.legs.pants": {
    "notes": [
      "original male pants by wulax",
      "edited for female by Joe White",
      "recolors by JaidynReiman",
      "walkcycle adapted to pregnant base by ElizaWy",
      "remaining animations, recolors and edits to v3 base by bluecarrot16",
      "teem body by Redshrike",
      "teen legs by ElizaWy derived from base",
      "2023-12 [napsio]: minimized colors to 6 for each material and fixed broken colors"
    ],
    "authors": [
      "napsio",
      "bluecarrot16",
      "ElizaWy",
      "David Conway Jr. (JaidynReiman)",
      "Joe White",
      "Matthew Krohn (makrohn)",
      "Johannes Sjölund (wulax)",
      "Nila122",
      "Stephen Challener (Redshrike)"
    ],
    "licenses": [
      "CC-BY-SA 3.0",
      "GPL 3.0"
    ],
    "urls": [
      "https://opengameart.org/content/liberated-pixel-cup-lpc-base-assets-sprites-map-tiles",
      "https://opengameart.org/content/lpc-medieval-fantasy-character-sprites",
      "http://opengameart.org/content/lpc-clothing-updates",
      "https://opengameart.org/content/more-lpc-clothes-and-hair",
      "https://opengameart.org/content/lpc-pregnancy-bases-maternity-wear",
      "https://opengameart.org/content/lpc-teen-unisex-base-clothes",
      "https://opengameart.org/content/lpc-clothes-for-children"
    ],
    "name": "Pants"
  },
  "clothes.skirts.straight": {
    "notes": [
      "original skirt by ElizaWy",
      "extended to all animation frames and edited for v3 bases by bluecarrot16",
      "2023-12 [napsio]: minimized colors to 6 for each material and fixed broken colors"
    ],
    "authors": [
      "napsio",
      "bluecarrot16",
      "ElizaWy"
    ],
    "licenses": [
      "OGA-BY 3.0",
      "GPL 3.0"
    ],
    "urls": [
      "http://opengameart.org/content/lpc-clothing-updates"
    ],
    "name": "Straight"
  },
  "clothes.hat.elf": {
    "notes": [
      "2023-12 [napsio]: minimized colors to 6 for each material and fixed broken colors"
    ],
    "authors": [
      "napsio",
      "bluecarrot16"
    ],
    "licenses": [
      "OGA-BY 3.0",
      "GPL 3.0"
    ],
    "urls": [
      "https://opengameart.org/content/lpc-santa"
    ],
    "name": "Elf"
  }
}